 |,| |,
,||,|
;|.|;|.
p|P|porro|Porro
|.||.
haec|Hec|haec|Hec
am|ham|Abraam|Abraham
 |,| |,
V|II|XIV|XIII
lia|ia|millia|milia
i||certii|certi
e|i|etate|etati
ad|in|ad|in
Hieronymo|Ieronimo|Hieronymo|Ieronimo
mporum|porum|temporum|teporum
n|m|consumenda|comsumenda
uordecim|tuordecim|quatuordecim|quattuordecim
s|m|uicesimus|uicesimum
y|i|Babyloniam|Babiloniam
|et||et
celos||celos|
i|y|Cain|Cayn
os|um|annos|annum
e|i|natiuitates|natiuitatis
e|ae|sue|suae
c|C|cainan|Cainan
hl|lh|Malahelel|Malalehel
S|s|Septuaginta|septuaginta
S|s|Septuaginta|septuaginta
ugustinus|gustinus|Augustinus|Agustinus
e|ae|que|quae
e|ae|que|quae
nnt|mt|continent|comtinet
h||Enoch|Enoc
i||sabbatii|sabbati
|s|generatione|generationes
a||consecrata|consecrat
ia|le|milia|mille
 |;| |;
lia|ia|millia|milia
fatorum|phatorum|prefatorum|prephatorum
m||distantiam|distantia
ertisime|lertisime|solertissime|sollertissime
e|a|Mathusalem|Mathusalam
i|I|incipit|Incipit
 |hora| |hora
s|ns|commemoras|commemorans
genuit||genuit|
|us|Iacob|Iacobus
c|t|cum|tum
CCX|DX|CCCXXX|CDXXX
 |,| |,
LIV|XXIV|CXLIV|CXXXIV
m|n|nomem|nomen
edificata|hedificata|edificata|hedificata
gente|ngente|quadrigente|quadringente
Rinocururis|Arinocururis|Rinocururis|Arinocururis
um|o|barbaricum|barbarico
que||que|
S|s|Septuaginta|septuaginta
C|VII|CCC|CCVII
h|b|Nahor|Nabor
VII|C|CCVII|CCC
i|y|Egiptiorum|Egyptiorum
s|r|Assisiorum|Assiriorum
.||.|
em|limam|difficilem|difficillimam
r|t|Orosius|Otosius
 |fiunt| |fiunt
arem|sarem|Cesarem|Cessarem
i|I|incipit|Incipit
pit|rte|cepit|certe
s|S|septuaginta|Septuaginta
o|a|Zoroas|Zaroas
r|t|Orosius|Otosius
m|s|primum|primus
i|y|Assirios|Assyrios
e|i|libidine|libidini
Ninus||Ninus|
 |,| |,
erit|it|regnauerit|regnauit
i||imperii|imperi
|m|Ysmahelite|Ysmahelitem
G|g|Genuit|genuit
entum||centum|c
ch|hac|Ysach|Ysahac
ch|hac|Ysach|Ysahac
ch|hac|Ysach|Ysahac
ch|hac|Ysach|Ysahac
y|ii|Egyptii|Egiptiii
ius|s|eius|es
i|y|Egipto|Egypto
s||annos|anno
I||MMCDLIII|MMCDLII
uerunt|erunt|mansuerunt|manserunt
us||eius|ei
Abrahe|Habrahe|Abrahe|Habrahe
c|C|chaat|Chaat
m|n|Chanaam|Chanaan
a|u|ipsam|ipsum
|t|fuisse|fuisset
mam|am|summam|sumam
|s|translationi|translationis
promissiones|repromissiones|promissiones|repromissiones
s|f|Ansectione|Anfectione
rope|crope|Cerope|Cecrope
a|o|aquarum|aquorum
it|ti|monitum|montium
a|o|Parnaso|Parnoso
|m|tempora|temporam
 |,| |,
e|i|mare|mari
icere|cere|coniicere|conicere
b|p|Eusebius|Eusepius
 |tria| |tria
e|i|leges|legis
s||Moysis|Moysi
eras|teras|literas|litteras
d|b|ad|ab
h|b|Iohab|Iobab
 |.| |.
|I|XXVI|XXVII
Abraham|Habraham|Abraham|Habraham
S|s|Solem|solem
 |.| |.
el|hel|Othoniel|Othonihel
har|ath|Charinus|Cathinus
 |.| |.
e|E|eglon|Eglon
 |.| |.
y|i|Effraym|Effraim
h|ch|Barah|Barach
etus|tus|Miletus|Miltus
l|i.|repperlt|repperit.
oy|ui|Ierosolymorum|Ierusolimorum
 |.| |.
 |uastat| |uastat
 |.| |.
ith|hit|Lapitharum|Laphitarum
ptus|Pctus|palefatus|Palefactus
MMDCCLVII||MMDCCLVII|
 |MMDCCLXVII.| |MMDCCLXVII.
i|y|Iahir|Iahyr
d||quod|quo
 |.| |.
hte|te|Iephte|Iepte
Ihte|Zte|Iephte|Zepte
ate|e|etate|ete
XL|LXXX|MMDCCXL|MMDCCLXXX
|s|anno|annos
b|h|babetur|habetur
p|h|Ioseppo|Iosepho
DLX|CCLX|CDLXXX|CCCLXXX
h|b|hahere|habere
um|ium|famosum|famosium
Dare|Thares|Dare|Thares
i|y|historiam|hystoriam
a|A|achiuis|Achiuis
uor|tuor|quatuor|quattuor
s||annis|anni
A|a|A|a
C|c|Capta|capta
arma||arma|
i|y|historiis|hystoriis
l|L|latini|Latini
r|R|romani|Romani
|s|anni|annis
,||,|
C|c|Carnii|carnii
 |.| |.
 |.| |.
p|h|Ioseppi|Iosephi
e|E|euristeus|Euristeus
yrio|hyrio|Tyrio|Thyrio
 |.| |.
 |et| |et
ingresu|egresu|ingressu|egressu
s|S|sylonites|Sylonites
Ieroboam|Hieroboam|Ieroboam|Hieroboam
|m|propria|propriam
V|II|XXXIV|XXXIII
 |.| |.
i|y|Abimelech|Abymelech
i|y|Ethiopem|Ethyopem
o|ho|Hierico|Hiericho
xit|cxit|unxit|uncxit
,||,|
t|nt|regnabat|regnabant
tur|ntur|appellabatur|appellabantur
|I|VII|VIII
rcep|perc|percepit|pepercit
a|e|Hocozia|Hocozie
ab|hab|Acab|Achab
 |.| |.
a|A|azariam|Azariam
s|m|filius|filium
|quem||quem
sabeth|osabeth|Isabeth|Iosabeth
charias|harias|Zaccharias|Zacharias
z|Z|zachariam|Zachariam
adi|iad|Ioadie|Ioiade
rachie|achie|Barrachie|Barachie
 |.| |.
I|CI|MMMCXII|MMMCXCII
I||LIII|LII
sibi|ubi|sibi|ubi
isdem|sdem|iisdem|isdem
|m|introitu|introitum
fili|ili|filii|ilii
emet|cinet|semet|scinet
ubi|tibi|ubi|tibi
a|o|bonarum|bonorum
n|m|Iohathan|Iohatham
decem|X|decem|X
idem|dem|iidem|idem
Ierusalem|Hierusalem|Ierusalem|Hierusalem
untque|atque|cupiuntque|cupiatque
cs|tus|nuncias|nuntiaus
e|a|uocet|uocat
|Hec||Hec
Item||Item|
|item||item
rachie|achie|Barrachie|Barachie
z|t|Achaz|Achat
z|t|Achaz|Achat
n|m|Iohathan|Iohatham
im|mi|Baalim|Baalmi
iy|yi|Assiryorum|Assyriorum
sio|io|Orosio|Oroio
y|i|Olympiade|Olimpiade
o|a|quinto|quinta
quatuor||quatuor|
ym|in|Helydem|Heliden
s|um|tribus|tribuum
rentur|entur|transferrentur|transferentur
|s|filii|filiis
u|U|urbe|Urbe
m|n|impunitate|inpunitate
n|m|nunquam|numquam
obias|hobias|Tobias|Thobias
z|t|Achaz|Achat
eret|it|ascenderet|ascendit
m|n|Cirenem|Cirenen
a|u|uictamque|uictumque
y|i|Assyrio|Assirio
s||Ezechias|Ezechia
m|im|Philistim|Philistiim
y|i|Assyrius|Assirius
b|p|Sennacherib|Sennacherip
Ierusalem|Hierusalem|Ierusalem|Hierusalem
r|R|romanis|Romanis
im|y|Babiloniam|Babylonia
Ii|Yy|Isaias|Ysayas
Ii|Yy|Isaiam|Ysayam
|t|fuisse|fuisset
r|R|romanorum|Romanorum
u|U|urbem|Urbem
s|t|Bisantium|Bitantium
 |suis| |suis
trie|rie|idolatrie|idolarie
e|a|fecit|facit
n|m|Ioachin|Ioachim
I|XI|XIII|XXIII
Hieremias|Ieremias|Hieremias|Ieremias
i|y|Iosie|Iosye
i|y|Babilonis|Babylonis
i|y|Babilone|Babylone
Hieremias|Ieremias|Hieremias|Ieremias
a|h|aedificauit|hedificauit
edificauit|hedificauit|edificauit|hedificauit
neus|eus|Methimneus|Methimeus
phino|fino|delphino|delfino
|m|regnante|regnantem
|n|Iosia|Iosian
 |Niniuitas| |Niniuitas
a|ra|cura|curra
|s|uitii|uitiis
 |.| |.
c|t|capta|tapta
erusalem|herusalem|Ierusalem|Iherusalem
eli|he|Danielli|Danihel
|,||,
rtem|ter|partem|pater
i|y|Babiloniam|Babyloniam
ibus|es|tribus|tres
i|y|Babilonis|Babylonis
i|y|Babilonis|Babylonis
 |.| |.
i|y|Babilonis|Babylonis
|,||,
|a|Iude|Iudea
i|y|Babiloniam|Babyloniam
u|a|fuerunt|fuerant
i|y|Babiloniam|Babyloniam
y|i|Egypti|Egipti
b|p|obtinuit|optinuit
Ierusalem|Hierusalem|Ierusalem|Hierusalem
Ierusalem|Hierusalem|Ierusalem|Hierusalem
Ierusalem|Hierusalem|Ierusalem|Hierusalem
Ierulem|Hierusalem|Ierulem|Hierusalem
Ierusalem|Hierusalem|Ierusalem|Hierusalem
 |regni| |regni
regni||regni|
i|y|Babilonem|Babylonem
Ierusalem|Hierusalem|Ierusalem|Hierusalem
i|y|Babilonem|Babylonem
tenim|nim|etenim|enim
A|a|Asini|asini
s|i|abusus|abuius
elis|helis|Danielis|Danihelis
C|c|Chim|chim
C|c|Chin|chin
theum|heum|Mattheum|Matheum
has|as|dechas|decas
cipit||incipit|in
Ierusalem|Hierusalem|Ierusalem|Hierusalem
eh|he|Daniehle|Danihele
Ierusalem|Hierusalem|Ierusalem|Hierusalem
i|y|Babiloniam|Babyloniam
Ierusalem|Hierusalem|Ierusalem|Hierusalem
Ierusalem|Hierusalem|Ierusalem|Hierusalem
c||nec|ne
orum|iorum|furiosorum|furiosiorum
i|y|Babilonem|Babylonem
rentur|entur|transferrentur|transferentur
i|y|Babilon|Babylon
 |,| |,
.||.|
i|y|Babiloniam|Babyloniam
Ierusalem|Hierusalem|Ierusalem|Hierusalem
u|a|constituerunt|constituerant
Ih|Hi|Iheremias|Hieremias
t|it|petiit|petiiit
|i|testimoni|testimonii
i|y|Babiloniam|Babyloniam
ae|e|alienigenae|alienigene
i|ati|affecti|affectati
 |,| |,
t|it|petiit|petiiit
 |,| |,
,||,|
 |,| |,
i|y|historie|hystorie
Ierusalem|Hierusalem|Ierusalem|Hierusalem
ea|du|eam|dum
st|t|est|et
auerunt|erauerunt|libauerunt|liberauerunt
|in||in
i|y|Babiloniam|Babyloniam
ominationes|hominationes|abominationes|abhominationes
mitere|itere|committere|comittere
nendo|pnendo|contemnendo|contempnendo
|,||,
i|y|Ysaias|Ysayas
 |,| |,
Ezechiel|Iezechiel|Ezechiel|Iezechiel
m|n|imminente|inminente
Ierusalem|Hierusalem|Ierusalem|Hierusalem
g|c|trigesimo|tricesimo
Ezechiel|Iezechiel|Ezechiel|Iezechiel
i|y|Babilone|Babylone
s|c|Mishaelem|Michaelem
ici|cici|Iudaici|Iudacici
 |.| |.
m||terram|terra
e|i|ceremoniarumque|cerimoniarumque
inum|linum|Esquilinum|Esquillinum
quattuor|IV|quattuor|IV
 |.| |.
VI|XVI|XVI|XXVI
Ierusalem|Hierusalem|Ierusalem|Hierusalem
 |,| |,
i|y|Babilonis|Babylonis
n|u|ponit|pouit
i|y|Babilone|Babylone
m||stuporem|stupore
m|n|impleti|inpleti
|s|anni|annis
e|u|eorem|eorum
ret|t|imperaret|imperat
a|e|Persarum|Perserum
a|i|Iudea|Iudei
i|a|Chaldei|Chaldea
,||,|
|,||,
y|i|Assyrii|Assirii
m||eam|ea
s|c|his|hic
us|hus|Iosepus|Iosephus
t||Scribit|Scribi
,||,|
samar|thasar|Balsamar|Balthasar
ss|ll|transisse|transille
is|o|filiis|filio
im|y|Babiloniam|Babylonia
i|y|Babiloniorum|Babyloniorum
e|c|eum|cum
.|:|.|:
uit|t|computauit|computat
s|m|uersus|uersum
i|a|templi|templa
 |:| |:
r|l|Berosum|Belosum
B|U|Berosum|Uerosum
|h|Refert|Referth
s|m|rursus|rursum
i|m|cui|cum
i|y|Ciro|Cyro
a|e|Persa|Perse
|s|Medi|Medis
 |quidem| |quidem
s||aliis|alii
nt|tur|putant|putatur
S|F|Susis|Fusis
 |.| |.
i|y|Cirus|Cyrus
eorum|orum|Hebreorum|Hebrorum
hronicam|ronicam|Chronicam|Cronicam
E|C|Eusebii|Cusebii
xersis|rxersis|Artaxersis|Artarxersis
xerses|rxerses|Artaxerses|Artarxerses
o|us|Bruto|Brutus
,|;|,|;
i|y|Cirus|Cyrus
militibus||militibus|
c|t|nuncius|nuntius
i|y|Ciro|Cyro
i|y|Ciri|Cyri
 |.| |.
i|y|Ciri|Cyri
ominatus|hominatus|abominatus|abhominatus
|,||,
e|i|ceremonias|cerimonias
,||,|
y|i|Egypto|Egipto
|h|Iudit|Iudith
 |quoque| |quoque
 |.| |.
b|p|Cambisen|Campisen
 |,| |,
y|i|Hieronymus|Hieronimus
b|p|Cambises|Campises
olummdo|ummod|solummodo|summodo
f|s|fermo|sermo
s|x|iusta|iuxta
uptum|ruptum|diruptum|dirruptum
Hieronymus|Ieronymus|Hieronymus|Ieronymus
Hierusalem||Hierusalem|
t||est|es
chi|hi|michi|mihi
Xersis|Exersis|Xersis|Exersis
Ierusalem|Hierusalem|Ierusalem|Hierusalem
chrias|ris|Zacharias|Zarias
i|y|Ciro|Cyro
a|e|iacta|iecta
;|:|;|:
duodecimo|undecimo|duodecimo|undecimo
o|a|tertio|tertia
.|(|.|(
S|s|Septem|septem
.|),|.|),
U|u|Uix|uix
 |dictatores,| |dictatores,
b|p|obtinuerunt|optinuerunt
y|i|Olympiade|Olimpiade
y|i|Olympiade|Olimpiade
t|it|refugit|refugiit
sth|nst|Demosthenes|Demonstenes
Xersen|Exersen|Xersen|Exersen
Z|R|Zeusis|Reusis
.|,|.|,
C|X|XCV|XXV
|,||,
XIX|IX|CCCXXIX|CCCXIX
 |.| |.
xerses|rxerses|Artaxerses|Artarxerses
 |,| |,
 |,| |,
iati|ai|captiuitati|captiuati
xersen|rxersen|Artaxersen|Artarxersen
itantes|tantes|habitantes|habtantes
profecti|facti|profecti|facti
s|m|commonefactus|commonefactum
Is|His|Is|His
xerat|cxerat|iniunxerat|iniuncxerat
e|o|Zerobabel|Zorobabel
 |sunt| |sunt
xersis|rxersis|Artaxersis|Artarxersis
xerses|rxersus|Artaxerses|Artarxersus
orum|eorum|Machaborum|Machabeorum
iaque|aque|itaque|atque
xersis|rxersis|Artaxersis|Artarxersis
Ierusalem|Hierusalem|Ierusalem|Hierusalem
xerses|rxerses|Artaxerses|Artarxerses
Ierusalem|Hierusalem|Ierusalem|Hierusalem
oeris|aris|poteris|patris
XIX||XIX|
VI|XVI|MMMDLVI|MMMDLXVI
xerses|rxerses|Artaxerses|Artarxerses
XL|.|XL|.
i|y|historia|hystoria
xerses|rxerses|Artaxerses|Artarxerses
eras|teras|literas|litteras
haginensium|aginensium|Carthaginensium|Cartaginensium
 |,| |,
unt|iunt,|incendunt|incendiunt,
s|n|discessionis|discensionis
xerses|rxerses|Artaxerses|Artarxerses
 |,| |,
|.||.
i|I|iste|Iste
xit|cxit|iunxit|iuncxit
Egyptiorum|Gyptiorum|Egyptiorum|Gyptiorum
xerses|rxerses,|Artaxerses|Artarxerses,
Irchania|Uchania|Irchania|Uchania
sthenes|nsthenes|Demosthenes|Demonsthenes
am|cam|Achademiam|Achademicam
m||Italiam|Italia
que|tque|auxiliaque|auxiliatque
,||,|
i|e|insignis|insignes
hasta|asta|hasta|asta
mnium|nium|Samnium|Sanium
,||,|
,||,|
s|m|uicesimus|uicesimum
 |.| |.
VI||VI|
hracas|racas|Thracas|Tracas
 |,| |,
 |.| |.
V||V|
cythis|ithis|Scythis|Sithis
,||,|
pc|cp|suspiciende|suscipiende
apamenos|menos|Parapamenos|Parmenos
o|e|montes|mentes
i|e|redimit|redemit
norum|ueorum|Indorum|Iudeorum
substinuit|obtinuit|substinuit|obtinuit
;|,|;|,
m|n|Egyssenem|Egyssenen
,|;|,|;
,|et|,|et
u|o|octuaginta|octoaginta
s|m|hostius|hostium
m|s|tutatum|tutatus
et||et|
r|n|irrumperet|inrumperet
raret|eret|peragraret|perageret
a|u|eam|eum
hac|ac|hac|ac
,||,|
e|c|eum|cum
,||,|
c|t|nunciaret|nuntiaret
ac|et|ac|et
haustus|austu|haustus|austu
o|i|suo|sui
y,|i|Illyrico,|Illirico
,||,|
 |,| |,
s||Lagis|Lagi
 |,| |,
 |,| |,
,||,|
 |.| |.
c|t|Cecus|Cetus
m||aquam|aqua
oy,|ui|Hierosolyma,|Hierusolima
t|c|ditionem|dicionem
m|n|Ptolomei|Ptolonei
,||,|
,|is|Babilon,|Babilonis
y|i|hystorya|hystoria
o|e|Boroeam|Beroeam
P|B|Pellam|Bellam
rum|um|Pirrum|Pirum
i|y|Epiri|Epyri
salie,|alie|Thessalie,|Thesalie
 |,| |,
azarus|zarus|Eleazarus|Elezarus
ctum|tum|indictum|inditum
 |,| |,
 |,| |,
o||Demetrio|Demetri
noni|oni,|Antignoni|Antigoni,
bus|s|temporibus|temporis
m|n|nomem|nomen
|us|census|censusus
us|eus|argentus|argenteus
tilius|ilius|Attilius|Atilius
haginensium|aginensium|Carthaginensium|Cartaginensium
m||longitudinem|longitudine
adelfus|iadelfus|Filadelfus|Filiadelfus
y|i|Egypto|Egipto
Ierusalem|Hierusalem|Ierusalem|Hierusalem
m|s|quam|quas
at|unt|composuerat|composuerunt
eus|us|Phalereus|Phalerus
i|y|historie|hystorie
lia|ia|millia|milia
ordecim|tuordecim|quatordecim|quattuordecim
u|n|Guidius|Gnidius
nstruxit|struxit.|construxit|costruxit.
i|e|agnoscitur|agnoscetur
|s|anni|annis
s|is|Egyptiis|Egyptiiis
y|i|Egypto|Egipto
ronimus|onimus|Ieronimus|Ieonimus
m|s|aduersum|aduersus
phum|fum|Phyladelphum|Phyladelfum
s|is|Egyptiis|Egyptiiis
 |,| |,
,||,|
xit|cxit|iunxit|iuncxit
|s|Laodocen|Laodocens
 |,| |,
y|i|Syria|Siria
y|i|Syriam|Siriam
m|n|Euphratem|Euphraten
 |,| |,
phratem|fratem|Euphratem|Eufratem
 |.| |.
t|h|Syradact|Syradach
 |,| |,
 |.| |.
us|hus|Seleucus|Seleuchus
 |,| |,
 |,| |,
us|hus|Seleucus|Seleuchus
s|m|Antiochus|Antiochum
m||successionem|successione
y|i|Egypti|Egipti
ys|iis|Egyptiis|Egiptiiis
isa|misa|amissa|ammissa
,||,|
y|i|Phylopatorem|Philopatorem
I|QATTVOR|IV|QVATTVOR
m||amicam|amica
um|o|odium|odio
m|n|impetitam|inpetitam
et|ac|et|ac
mi|nu|Amilcari|Anulcari
n|m|nunquam|numquam
e|i|Pireneos|Pirineos
e|i|Pireneo|Pirineo
p|o|Alpes|Aloes
 |dum| |dum
im|un|primus|prunus
m|n|commisso|conmisso
.|sunt|.|sunt
a|o|Hispania|Hisponia
e|u|Asdruualem|Asdruualum
rtium|tium|tertium|tetium
 |capta| |capta
b|u|Asdrubale|Asdruuale
c|t|prouinciam|prouintiam
ubal|iuial|Asdrubal|Asdriuial
iu|ui|iungeretur|uingeretur
m||Africam|Africa
is|o|annis|anno
 |,| |,
|d|a|ad
simam|imam|famosissimam|famosisimam
 |,| |,
 |.| |.
c|g|Uulcani|Uulgani
a||antea|ante
eripaeticus|ypateicus|peripateticus|pypateticus
u|e|explanationum|explanationem
m|n|impugnans|inpugnans
u|n|compleus|complens
as|s|patrias|patris
,||,|
y|i|Hierusolymam|Hierusolimam
iceret|ceret|subiiceret|subiceret
iu|ui|iuge|uige
e|a|uespere|uespera
y|i|Hierusolymam|Hierusolimam
 |,| |,
uiginti|triginta|uiginti|triginta
 |,| |,
-philipus|philipus|Pseudo-philippus|Pseudophilippus
|i|Mummi|Mummii
Corintho|Orintho|Corintho|Orintho
I|U|Iero|Uero
a|o|tragaediarum|tragoediarum
 |.| |.
iatis|hiatis|Spartiatis|Sparthiatis
phone|fone|Triphone|Trifone
o|i|anno|anni
a|A|augusti|Augusti
lpurnio|purnio|Calpurnio|Capurnio
um|ium|bellum|bellium
|s|Arpini|Arpinis
s||equestris|equestri
 |,| |,
,||,|
 |,| |,
 |,| |,
d|m|administrans|amministrans
C|E|Cleopatram|Eleopatram
|III|MMMDCCCLXX|MMMDCCCLXXIII
X|V|XIII|VIII
oali|iliali|sociali|siciliali
hridati|ridati|Mithridati|Mitridati
u|o|consulatu|consolatu
r|R|romanorum|Romanorum
i|y|Hircanus|Hyrcanus
Hyrcanus|Yrcanus|Hyrcanus|Yrcanus
m|n|Pompeius|Ponpeius
o|co|Maro|Marco
,||,|
m|n|Pompeio|Ponpeio
 |atque| |atque
 |,| |,
resus|gresus|agressus|aggressus
Hyrcano|Yrcano|Hyrcano|Yrcano
sacerdote|acerdote|sacerdote|acerdote
 |,| |,
be||plebe|ple
Hyrcanum|Yrcanum|Hyrcanum|Yrcanum
c|t|concione|contione
i|e|Catiline|Cateline
sdem|dem|eosdem|eodem
n|m|unquam|umquam
m|s|Aristobolum|Aristobolus
IV|quattuor|IV|quattuor
X|V|XII|VII
p|b|Transalpina|Transalbina
uetonius|itonius|Suetonius|Sitonius
,||,|
,||,|
u|o|Britannus|Britannos
 |,| |,
iarios|arios|stipendiarios|stipendarios
uacium|iratium|Duracium|Dirratium
o|io|Pompeo|Pompeio
 |,| |,
 |,| |,
y|i|Hierusolymis|Hierusolimis
y|i|Hierusolymam|Hierusolimam
 |,| |,
m|d|illum|illud
t|l|Satathiel|Salathiel
d|t|Abiudh|Abiuth
Matheus||Matheus|
et|ac|et|ac
bstinuit|stinuit|substinuit|sustinuit
,||,|
|s|filii|filiis
ps|mp|ipsius|impius
,||,|
,||,|
,||,|
,||,|
a|e|Cleopatra|Cleopatre
a|e|siquidam|siquidem
,||,|
aniam|taniam|Britanniam|Brittanniam
esalia|hesalia|Tessalia|Thessalia
u|o|uictus|uictos
a|o|Tatius|Totius
|i|Pompei|Pompeii
IV|quattuor|IV|quattuor
|m|comitatu|comitatum
o|u|Pompeios|Pompeius
tium|ilium|Attium|Atilium
gitaret|ngitaret|cogitaret|congitaret
am|iam|fugam|fugiam
,||,|
c|t|acie|atie
it|t|aufugiit|aufugit
,||,|
tum|mentum|coniuratum|coniuramentum
n|m|unquam|umquam
i|u|ciuilibus|cuuilibus
rm|nn|armis|annis
m|ra|dum|dura
o,|u|Bruto,|Brutu
,||,|
ius|s|eius|es
,||,|
 |Orosius:| |Orosius:
ea|a|Enea|Ena
libus|bus|ciuilibus|ciuibus
.|;|.|;
.|;|.|;
|s|Cesari|Cesaris
lc|sl|locus|solus
|m,|Cleopatra|Cleopatram,
,||,|
 |,| |,
 |,| |,
a|e|illa|ille
t|c|Ottauianum|Octauianum
IV|quattuor|IV|quattuor
,||,|
abundantia|habundantia|abundantia|habundantia
t|set|est|esset
culibus|ucbus|ciuilibus|uicibus
y|i|Lybiam|Libiam
,||,|
A|E|Aquitaniam|Equitaniam
am|cam|Dalmatiam|Dalmaticam
phorum|forum|Bosphorum|Bosforum
,||,|
,||,|
,|.|,|.
,||,|
|a|ante|antea
,||,|
i||Moesii|Moesi
hraces|races|Thraces|Traces
,||,|
,||,|
ie|e|Germanie|Germane
,||,|
,||,|
teros|cteros|Theteros|Thecteros
ambr|ramb|Sigambros|Sigrambos
c|t|licterarum|litterarum
LV|XLV|LVI|XLIV
 |in| |in
,||,|
 |,| |,
 |,| |,
e|i|ignobiles|ignobilis
:|,|:|,
 |,| |,
y|i|hierosolymitana|hierosolimitana
nem|em|Mariamnem|Mariamem
 |,| |,
 |,| |,
Hactenus|Actenus|Hactenus|Actenus
|m|Lagide|Lagidem
o|i|annos|annis
|s|anni|annis
y|i|Egyptus|Egiptus
 |.| |.
 |Dominus| |Dominus
|m|Gloria|Gloriam
a|A|augusti|Augusti
ui|iu|uiuente|iuuente
|s|simulatione|simulationes
:||:|
mode|ode|commode|comode
,||,|
am|oniam|quam|quoniam
m|n|tamquam|tanquam
 |,| |,
t|c|factiosus|facciosus
lusor|elusor|lusor|elusor
,||,|
alacer||alacer|
me|na|mesceretur|nasceretur
eretur|itur|moreretur|moritur
,||,|
atius|dicius|Oratius|Ordicius
 |,| |,
abundaset|habundaset|abundasset|habundasset
;||;|
m|n|immerito|inmerito
 |.| |.
 |,| |,
,||,|
r|R|reipublice|Reipublice
:||:|
u|o|euocatus|euocatos
m|s|Archelaum|Archelaus
 |,| |,
,||,|
.||.|
c|t|annunciare|annuntiare
 |,| |,
.||.|
huius||huius|
 |,| |,
|s|anni|annis
MMMCMLXXXVI.||MMMCMLXXXVI.|
Cesaris||Cesaris|
sss|ffx|assisus|affixus
ri|m|predicaturi|predicatum
y|i|Hierusolymis|Hierusolimis
,|;|,|;
icitur|citur|coniicitur|conicitur
 |,| |,
c|t|Ac|At
,|.|,|.
,||,|
 |,| |,
,||,|
,||,|
 |;| |;
,||,|
,||,|
e|a|interfectus|interfactus
 |,| |,
que||que|
 |,| |,
ctatus|tatus|coarctatus|coartatus
c|t|ociosis|otiosis
,||,|
ani|nam|Oceani|Ocenam
nie|ie|Britannie|Britanie
norum|orum|Britannorum|Britanorum
tionem|cationem|deditionem|dedicationem
Isdem|Hisdem|Isdem|Hisdem
aesarem|esarem|Caesarem|Cesarem
y|i|Hierusolymis|Hierusolimis
ras|erdos|sacras|sacerdos
,||,|
t|s|statuit|statuis
y|i|Hierusolymis|Hierusolimis
c|nc|ac|anc
f|s|quefierit|quesierit
quorum|equorum|quorum|equorum
LIX|XXIX|XLIX|XXXIX
henam|enam|Antiochenam|Antiocenam
euangelium|Egypto|euangelium|Egypto
Egipto,||Egipto,|
udi|di|Claudii|Cladii
 |,| |,
edtionem|itone|deditionem|ditione
adas|hadas|Orcadas|Orchadas
,||,|
 |,| |,
i|u|corripit|corrupit
hagoricus|agoribus|Pithagoricus|Pitagoribus
e|o|ipse|ipso
hithagora|itagora|Phithagora|Pitagora
,||,|
m|r|Theram|Therar
y|i|Hierusolymis|Hierusolimis
d|t|sedidio|seditio
y|i|azymorum|azimorum
ctato|tato|coarctato|coartato
ae|e|uitae|uite
i|gi|Gaii|Gagii
i|gi|Gaii|Gagii
i|y|citharetico|cytharetico
|s|urbi|urbis
 |,| |,
Hierosolimitanam||Hierosolimitanam|
y|i|satyrici|satirici
s|f|Musonius|Mufonius
 |condita| |condita
XIV||XIV|
Cicule|Glicule|Calicule|Gallicule
c|t|percitus|pertitus
o||assumpto|assumpt
uius|iusus|uisus|iussus
r|t|porro|porto
i|e|Qui|Que
m|n|numquam|nunquam
ru|ni|carrucis|carnicis
,||,|
e|i|infelice|infelici
me|ine,|flamme|flamine,
 |,| |,
co|ato|tragico|tragiato
Ie|Aa|Iliadem|Aliadam
ad||ad|
u|b|priuauit|priuabit
m||omnem|omne
f|s|fine|sine
 |totius| |totius
os|um|ipsosque|ipsumque
Hieronymus|Ieronimus|Hieronymus|Ieronimus
y|i|Hierusolymam|Hierusolimam
 |,| |,
,||,|
y|i|Hierusolymam|Hierusolimam
 |,| |,
 |,| |,
henam|enam|Antiochenam|Antiocenam
N|U|Neronis|Ueronis
Linum,||Linum,|
m|n|imposuit|inposuit
,||,|
is|ris|curis|curris
,||,|
o|u|secolares|seculares
portune,|ortune|opportune,|oportune
nc|c|hinc|hic
p|P|pascha|Pascha
n|N|natalem|Natalem
,||,|
m|n|imperfectam|inperfectam
m||commemorationem|commemoratione
,||,|
ris|er|decembris|december
m|ni|Galbam|Galbani
y|i|Hyspania|Hispania
c|t|pronunciatus|pronuntiatus
 |,| |,
e|a|quidem|quidam
nt|t|cogitarent|cogitaret
,||,|
Herculano|Erculano,|Herculano|Erculano,
,||,|
,||,|
y|i|Hyspanias|Hispanias
 |,| |,
t|c|initiis|iniciis
h|t|Othonis|Ottonis
h|t|Otho|Otto
h|t|Otho|Otto
i|e|Castoris|Castores
anos|nos|Uitellianos|Uitellinos
Bbriacum|Priacum|Bebriacum|Periacum
VIII|IX|XXXVIII|XXXIX
m|n|compulit|conpulit
m||interitum|interitu
um|o|tumulum|tumulo
que||appropinquantibusque|appropinquantibus
ndam|dam|quandam|quadam
is|ris|crebis|crebris
V|II,|IV|III,
aniam|taniam|Britanniam|Brittanniam
i|e|conflixit|conflexit
a|u|rapta|rupta
y|i|Hierosolymorum|Hierosolimorum
portatu|ortatu|portatu|ortatu
 |,| |,
iceretur|ceretur|coniiceretur|coniceretur
:||:|
 |,| |,
m|n|commodum|conmodum
c|t|pronunciatur|pronuntiatur
y|i|Hierusolymis|Hierusolimis
o|e|primo|prime
iamque|mque|gratiamque|gratmque
:||:|
:|,|:|,
,||,|
t|nt|fuerat|fuerant
uius|iueus|auidus|aiudeus
:|,|:|,
;|,|;|,
,|;|,|;
hodum|odum|Rhodum|Rodum
hraciam|raciam|Thraciam|Traciam
XI|IX|XI|IX
i|e|mensis|menses
h|t|Othone|Ottone
U|B|Uitellio|Bitellio
um||omnium|omni
 |,| |,
y|i|Hierusolymorum|Hierusolimorum
o|a|eodem|eadem
 |et| |et
:||:|
m|n|tamquam|tanquam
iiano|eliano|Emiliano|Emelliano
,||,|
,||,|
,||,|
truxit|struxit|extruxit|exstruxit
e|a|senatum|sanatum
e|i|relegatus|religatus
,||,|
t|c|exitiabilis|exiciabilis
 |,| |,
 |,| |,
 |,| |,
ieliones|eiiones|uispelliones|uespiliones
octauo|VIII|octauo|VIII
 |,| |,
|m|eucharistia|eucharistiam
,||,|
m|n|immersus|inmersus
eimum|isimum|quingentesimum|quingentissimum
IV|quattuor|IV|quattuor
:|,|:|,
IX|VIII|XCIX|XCVIII
e|a|cuiusdem|cuiusdam
,||,|
d|m|administrauit|amministrauit
 |;| |;
,||,|
;|,|;|,
,||,|
a,|o|Carduenos,|Corduenos
phratem,|fratem|Euphratem,|Eufratem
Seleuciam|Eleuciam|Seleuciam|Eleuciam
m|M|mare|Mare
m|M|mari|Mari
sem|em|classem|clasem
,||,|
Traianus||Traianus|
lico|ico|illico|ilico
t|c|seditionem|sedicionem
eon|on|Simeon|Simon
he|e|Cleophe|Cleope
y|i|Hierusolymorum|Hierusolimorum
hie|ee|Antiochie|Antiocee
och|chi|Antiocho|Antichio
,||,|
.|,|.|,
,||,|
e|i|maleuolis|maliuolis
emniis|lempniis|solemniis|sollempniis
,||,|
s|e|facistis|facietis
 |ut| |ut
e|i|ualetudines|ualitudines
 |Et| |Et
,||,|
hil|chil|nihil|nichil
tatis|alitatis|libertatis|liberalitatis
a|o|peragenda|peragendo
m|n|immunitates|inmunitates
,||,|
,||,|
:||:|
m||Seleuciam|Seleucia
urbem||urbem|
sex|VI|sex|VI
 |,| |,
quod|et|quod|et
memorie|iniemore|memorie|iniemore
:|;|:|;
Elius|Helius|Elius|Helius
 |,| |,
 |,| |,
,||,|
,||,|
 |malorum| |malorum
dem|am|Idem|Iam
y|i|Hierusolymam|Hierusolimam
Eliam|Heliam|Eliam|Heliam
oy|ui|Hierosolyme|Hierusolime
tr|ct|rethores|rechotes
,||,|
us|hus|Marcus|Marchus
Xistus|Christus,|Xistus|Christus,
 |,| |,
 |,| |,
,||,|
tur|ntur|susciperetur|susciperentur
eris|teris|literis|litteris
tationem|ationem|salutationem|saluationem
,||,|
,||,|
:|;|:|;
y|i|martyrum|martirum
esphorus|lesphorus|Thelesphorus|Thellesphorus
,||,|
emniis|lempniis|solemniis|sollempniis
p|P|pascha|Pascha
d|t|ebdomadibus|ebdomatibus
n|N|natale|Natale
um|e|tertium|tertie
m||crucem|cruce
nus|us|Antoninus|Antonius
,||,|
 |et| |et
,||,|
 |,| |,
:|,|:|,
:|,|:|,
:|,|:|,
,||,|
 |,| |,
 |,| |,
 |,| |,
,||,|
 |,| |,
 |,| |,
a,|is|heresiarcha,|heresiarchis
no|o|Antonino|Antonio
ni|i|Antonini|Antonii
Higinius|Iginus|Higinius|Iginus
,||,|
,||,|
,||,|
n|N|nicomediensis|Nicomediensis
polonius|olonius|Appollonius|Apollonius
y|i|martyrio|martirio
nicet|gniti|Anicetus|Agnitius
DCCCCX|CMX|DCCCCX|CMX
us|hus|Marcus|Marchus
VIIII|IX|XVIIII|XIX
d|m|administrauerunt|amministrauerunt
u|a|rebellauerunt|rebellauerant
runt|uerunt|triumpharunt|triumphauerunt
y|i|martyrium|martirium
e|i|laudare|laudari
hausto|austo|exhausto|exausto
i|e|largitionis|largitiones
;|,|;|,
et|ac|et|ac
us|atus|magnificus|magnificatus
ibuise|hibuise|exibuisse|exhibuisse
erioresque|ioresque|seuerioresque|seuioresque
VIII|octauo|VIII|octauo
,||,|
y|i|paranymphis|paranimphis
y|i|martyrio|martirio
ius||Eleutherius|Eleuther
G|g|Grecus|grecus
y|i|martyrio|martirio
leu|ule|Eleutherium|Euletherium
o,|a|Ieropoli,|Ierapoli
y|i|Dionysius|Dionisius
het|eth|rhetor|rethor
y|i|Smyrneus|Smirneus
,||,|
e|is|incarnatione|incarnationis
,||,|
heatro|eatro|amphitheatro|amphiteatro
,||,|
,||,|
,||,|
o,|u|senatusconsulto,|senatusconsultu
 |,| |,
u|U|uir|Uir
,||,|
 |.| |.
c|t|Theodocion|Theodotion
IV|CIV|CLXIV|CLXCIV
 |,| |,
us|e|generus|genere
per|,|per|,
,||,|
d|m|administrationem|amministrationem
;|,|;|,
,||,|
,||,|
,|.|,|.
,||,|
y|i|tyrannidem|tirannidem
,||,|
,||,|
:|,|:|,
,||,|
y|i|Hierusolymorum|Hierusolimorum
,||,|
,||,|
y|i|Bachylus|Bachilus
bus||duobus|duo
p|P|pascha|Pascha
leu|ule|Eleuther|Eulether
p|P|pascha|Pascha
nd|dn|sinodicam|sidonicam
:|,|:|,
e|a|Pescennium|Pascennium
us|i|Albinus|Albini
|m|Pertinace|Pertinacem
,||,|
u|o|uallu|uallo
:|,|:|,
lia|ia|millia|milia
,||,|
machus|achus|Symmachus|Symachus
V|X|CMLVII|CMLXII
a|e|Caracalla|Carecalla
|m|libidine|libidinem
,||,|
tlianus|cianus|Tertullianus|Terculianus
s|x|Calistus|Calixtus
t|c|Domitio|Domicio
die||die|
,||,|
yemale|hyemale|yemale|hyemale
,||,|
,||,|
,||,|
d|D|decembris|Decembris
t|d|item|idem
,||,|
,||,|
 |nominauit| |nominauit
:||:|
,||,|
C|c|Cimiterio|cimiterio
filius|ofilius|filius|ofilius
 |,| |,
E|A|Edesse|Adesse
,||,|
Heliogabali|Eliogabali|Heliogabali|Eliogabali
,|erat|,|erat
erat||erat|
,||,|
,||,|
m||industriam|industria
 |,| |,
lixtum|ixtum|Callixtum|Calixtum
,||,|
,||,|
,||,|
,||,|
m|n|Xersem|Xersen
ss|cn|assessore|ascensore
tonem|mnem|moderationem|moderaminem
ut|oc|Moguntiacum|Mogonciacum
doctor||doctor|
hiam|iam|Antiochiam|Antiociam
us|i|Romanus|Romani
natus|pnatus|damnatus|dampnatus
herus|erus|Antherus|Anterus
,||,|
,||,|
,||,|
:|;|:|;
:|,|:|,
miserat||miserat|
,||,|
herum|erum|Antherum|Anterum
,||,|
hrisma|risma|Chrisma|Crisma
,||,|
|s|gesta|gestas
,||,|
terti|quart|tertius|quartus
,||,|
nte|tore|imperante|imperatore
t|sset|fuit|fuisset
phratem|fraten|Euphratem|Eufraten
o|a|Athenodorum|Athenadorum
s|r|Nicanos|Nicanor
phraten|fraten|Euphraten|Eufraten
n|m|incolumen|incolumem
a|o|ea|eo
imperatore||imperatore|
,||,|
,||,|
 |,| |,
,||,|
mento|ento|commento|comento
i|y|Epicurum|Epycurum
y|i|Ieronymus|Ieronimus
comemoret|meorat|commemoret|memorat
,||,|
,||,|
bus||duobus|duo
bus||duobus|duo
m|s|tantum|tantus
 |,| |,
,||,|
,||,|
,||,|
 |,| |,
,||,|
i|u|sint|sunt
,||,|
o|u|consulto|consultu
,||,|
Ostiensi|Hostiensi|Ostiensi|Hostiensi
natus|pnatus|damnatus|dampnatus
o|i|Anno|Anni
a|e|a|e
c|t|incentor|intentor
in|ar|quintus|quartus
,||,|
natus|pnatus|damnatus|dampnatus
o|a|ob|ab
a|o|qua|quo
y|i|Porphyrio|Porphirio
,||,|
f|s|defererent|desererent
,||,|
,||,|
is|atis|sacris|sacratis
,||,|
i|y|Xistus|Xystus
,||,|
 |,| |,
!|.|!|.
,||,|
,||,|
e|i|cemeterio|cimeterio
e|a|Rome|Roma
iam|es|penitentiam|penitentes
,||,|
ochias|rochias|parochias|parrochias
U|B|Uolusianus|Bolusianus
hil|chil|nihil|nichil
c|t|pestilencia|pestilentia
 |,| |,
U|B|Uolusiano|Bolusiano
y|i|Dionysius|Dionisius
:|,|:|,
:|,|:|,
,||,|
,||,|
.|:|.|:
.|;|.|;
lienus|ienus|Gallienus|Galienus
a,|u|eam,|eum
lico|ico|illico|ilico
natione|pnatione|damnatione|dampnatione
lienus|ienus|Gallienus|Galienus
ominanda|hominanda|abominanda|abhominanda
,||,|
iebantur|abantur|assentiebantur|assentabantur
huntur|untur|inuehuntur|inueuntur
Rhetia||Rhetia|
 |Grecia,| |Grecia,
,|;|,|;
,||,|
tur|ntur|deletur|delentur
,||,|
y|i|tyranni|tiranni
|m|misericordia|misericordiam
Genuus|Eugenius|Genuus|Eugenius
t|c|Maguntiam|Magunciam
m|n|Postumii|Postunii
 |,| |,
,||,|
,||,|
cra|elc|creatus|electus
t|c|Odenathum|Odenachum
Ctesifontem|Actesifontem|Ctesifontem|Actesifontem
t|c|Odenatho|Odenacho
lienus|ienus|Gallienus|Galienus
,||,|
serabli|rabil|miserabili|mirabili
,||,|
,||,|
 |,| |,
,||,|
,||,|
i|y|Martirum|Martyrum
i|y|martirio|martyrio
,||,|
t|r|Pretextati|Pretextari
,||,|
,||,|
,||,|
ae|e|quae|que
V|X|CCLXVII|CCLXXII
,||,|
s|r|appellatus|appellatur
,|;|,|;
,||,|
 |,| |,
y,|i|Illyricum,|Illiricum
haud|aut|haud|aut
u|o|lacu|laco
y|i|sylua|silua
yeus|ipeus|clypeus|clippeus
,||,|
y|i|Syrmium|Sirmium
hetr|ethl|rhetoricam|retholicam
 |,| |,
,||,|
us|inus|Quintillus|Quintillinus
,||,|
m|n|immodici|inmodici
s|is|propensiors|propensioris
nb|bn|Zenobiam|Zeboniam
 |,| |,
t|c|Odenatho|Odenacho
 |,| |,
o|O|orientis|Orientis
a|A|aquilonis|Aquilonis
nb|bn|Zenobia|Zebonia
,||,|
,||,|
,||,|
n|u|monens|mouens
,||,|
,||,|
,||,|
s|m|Marcus|Marcum
episcou|archieicopus|episcopus|archiepiscopus
i|y|martirio|martyrio
,||,|
,||,|
olius|holius|Anatolius|Anatholius
e|i|Laodicee|Laodicie
p|P|pascha|Pascha
 |,| |,
 |,| |,
,||,|
o|O|oriente|Oriente
,||,|
,||,|
um|o|Aurelianum|Aureliano
liate|taem|ciuilitate|ciuitatem
 |,| |,
 |,| |,
o|u|Laodicenos|Laudicenos
|d|quo|quod
|I|MXXXVIII|MXXXVIIII
,||,|
,||,|
c|t|nunciato|nuntiato
,||,|
o|O|orientem|Orientem
,||,|
Ctesifontem|Acthesifontem|Ctesifontem|Acthesifontem
,||,|
u|a|lectulu|lectula
m|n|impulsus|inpulsus
y|i|Illyrico|Illirico
I|Y|Italia|Ytalia
,||,|
min|nor|hominibus|honoribus
e|i|Diocletiano|Dioclitiano
e|i|Diocletiani|Dioclitiani
,||,|
t|nt|esset|essent
y|i|accolytus|accolitus
,||,|
e|i|Diocletiani|Dioclitiani
y|i|cryptis|criptis
roiecto,|iecto|Proiecto,|Piecto
,||,|
parsimonie|sparsimonie|parsimonie|sparsimonie
,||,|
II,||CCLXXXVII,|CCLXXXV
t|c|Dalmatia|Dalmacia
,||,|
cione|tentione|concione|contentione
,||,|
Elianus|Helianus|Elianus|Helianus
Uan|Acu|Uacandas|Accaudas
restium|grestium|agrestium|aggrestium
,||,|
,||,|
ur|rn|seuere|serene
,||,|
 |positus| |positus
,||,|
c|t|suspicionem|suspitionem
i|e|negligentia|neglegentia
os|ias|Britannos|Britannias
per||per|
y|i|Egypto|Egipto
.|,|.|,
o|O|orientem|Orientem
e|i|Diocletianus|Dioclitianus
e|i|Herculeum|Herculium
e|i|Herculei|Herculii
e|i|Diocletiani|Dioclitiani
ecti|lecti|Alecti|Allecti
ectus|lectus|Alectus|Allectus
anis|manis|Alamannis|Alammannis
a|o|secuta|secuto
e|i|Diocletianus|Dioclitianus
y|i|Egyptum|Egiptum
,||,|
a|o|tertia|tertio
,||,|
aras|haras|Carras|Charras
,||,|
isis|misis|amissis|ammissis
e|i|Diocletianum|Dioclitianum
:|;|:|;
V|quattuor|V|quattuor
y,|i|Illyricum,|Illiricum
esiam|oesiam|Mesiam|Moesiam
,||,|
,||,|
m|n|immensam|inmensam
,||,|
e|i|Diocletiano|Dioclitiano
,||,|
re||dispersere|disperse
e|i|Diocletianus|Dioclitianus
,||,|
,||,|
ertisimus|lertisimus|solertissimus|sollertissimus
|m|forma|formam
,||,|
heserat|exerat|inheserat|inexerat
,||,|
i|u|procliuis|procliuus
:|;|:|;
,||,|
n|u|senioribus|seuioribus
e|i|Diocletianus|Dioclitianus
o|O|oriente|Oriente
o|O|occidente|Occidente
,||,|
,||,|
 |cedibus| |cedibus
cedibus,||cedibus,|
,||,|
,||,|
o|a|quamobrem|quamabrem
y|i|lacrymis|lacrimis
f,|s|feriatim,|seriatim
 |illi| |illi
I|i|Idolatriam|idolatriam
e,|i|Diocletianum,|Dioclitianum
 |,| |,
a|A|at|At
q|Q|quis|Quis
 |,| |,
e|E|et|Et
 |,| |,
 |,| |,
a|A|at|At
 |,| |,
ille|Petrus|ille|Petrus
 |,| |,
m|M|multum|Multum
,||,|
,||,|
,||,|
,||,|
,||,|
e|i|Diocletianus|Dioclitianus
ochias|rochias|parochias|parrochias
herimam|erimam|pulcherrimam|pulcerrimam
elli|i|Marcelli|Marci
t|c|Mauritius|Mauricius
 |flumen| |flumen
uiu|iui|cuius|ciuis
e|ius|ipse|ipsius
,||,|
,||,|
,||,|
,||,|
e|i|Diocletianus|Dioclitianus
,||,|
e|i|Diocletianus|Dioclitianus
,||,|
num|um|annum|anum
e|i|Diocletianus|Dioclitianus
haud|aut|haud|aut
e,|i|Herculeo,|Herculio
 |a| |a
tandum|ptandum|temtandum|temptandum
 |,| |,
;|,|;|,
y|i|Illyricum|Illiricum
,||,|
o|O|orientem|Orientem
,||,|
 |,| |,
Gallia||Gallia|
,||,|
,||,|
,||,|
|c|a|ac
,||,|
e|i|Diocletiani|Dioclitiani
,||,|
,||,|
,||,|
,||,|
d|m|administrationem|amministrationem
:|,|:|,
inum|um|Maximinum|Maximum
m|s,|Seuerum|Seuerus,
y|i|Illyrico|Illirico
,||,|
,||,|
d:|g|madii:|magii
.|,|.|,
Eusebius||Eusebius|
,||,|
,||,|
,||,|
quinta|V|quinta|V
,||,|
,||,|
henus|enus|Antiochenus|Antiocenus
 |,| |,
himotheus|imotheus|Thimotheus|Timotheus
atissimus|issimus|exoptatissimus|exoptissimus
o|e|moderator|mederator
effectus|creatus|effectus|creatus
s|r|creatus|creatur
,||,|
s|x|Masentio|Maxentio
 |,| |,
,||,|
,||,|
,||,|
,||,|
,||,|
:|;|:|;
a|e|uaria|uarie
c|t|pronunciant|pronuntiant
,||,|
citharum|itharum|Scitharum|Sitharum
nt|t|uastauerant|uastauerat
reperiatur||reperiatur|
 |repperiatur| |repperiatur
:|,|:|,
 |,| |,
 |,| |,
m|s|episcopum|episcopus
 |uariis| |uariis
i|y|historia|hystoria
a|e|tripartita|tripertita
;|,|;|,
horet|oret|abhorret|aborret
,||,|
na|a|Nicena|Nicea
,||,|
,||,|
,|m|Constantinopoli,|Constantinopolim
y|i|Bythinie|Bithinie
octo|uiii|octo|uiii
nauerunt|pnauerunt|damnauerunt|dampnauerunt
,||,|
,||,|
,||,|
ducentos|cc|ducentos|cc
,||,|
 |,| |,
hrisma|risma|chrisma|crisma
 |episcopus| |episcopus
naretur|pnaretur|condemnaretur|condempnaretur
 |se| |se
contra|ante|contra|ante
,||,|
y|i|syndone|sindone
,||,|
|t|desiderare|desideraret
,||,|
|s|die|dies
triginta|XXX|triginta|XXX
,||,|
,||,|
ione|ore|persecutione|persecutore
,||,|
,||,|
haud|aut|haud|aut
eris|teris|literis|litteris
dem||eodem|eo
inutlis,|utils|inutilis,|utilis
,||,|
:|;|:|;
surgentem|trinctum|assurgentem|astrinctum
t|c|deditionem|dedicionem
e|is|nefarie|nefariis
,||,|
 |,| |,
t|c|seditionem|sedicionem
,||,|
est||est|
pi|fc|punitionem|functionem
m||nullam|nulla
,||,|
s|x|espers|expers
,||,|
,||,|
,||,|
y|i|Cypro|Cipro
(||(|
)||)|
|m|dispositam|dispositamm
 |,| |,
Rome||Rome|
.|,|.|,
IV|quattuor|IV|quattuor
hastas|astas|hastas|astas
,||,|
is|a|gestis|gesta
,||,|
,||,|
,||,|
,||,|
,||,|
 |,| |,
na|pna|columna|columpna
r|i|labro|labio
rgento|uro|argento|auro
 |;| |;
m|t|Baptismam|Baptistam
E|e|Ecce|ecce
nt|t|pensant|pensat
herium|erium|Timiamatherium|Timiamaterium
 |,| |,
hiacyntnis|iacinths|hiacyntinis|iacinthis
b|p|obtulit|optulit
y|i|Cypro|Cipro
 |pedes| |pedes
 |eum| |eum
,||,|
,||,|
,||,|
i|e|uitineas|uiteneas
 |,| |,
LC||LC|
,||,|
b|p|obtulit|optulit
,||,|
,||,|
apostoli||apostoli|
y|i|Tyria|Tiria
e|o|Sessoriano|Sossoriano
,||,|
quatuor|IV|quatuor|IV
quatuor|IV|quatuor|IV
:|,|:|,
,||,|
,||,|
,||,|
,||,|
mille|M|mille|M
b|p|obtulit|optulit
,||,|
,||,|
,||,|
,||,|
am|us|Augustam|Augustus
,||,|
,||,|
,||,|
 |,| |,
,||,|
t|c|natalitiis|nataliciis
 |,| |,
,||,|
,||,|
um|a|baptismum|baptisma
ad|ue|ad|ue
,||,|
 |,| |,
,||,|
o|i|Anno|Anni
 |,| |,
 |,| |,
t|c|Dalmatius|Dalmacius
:|,|:|,
fc|st|infectacio|insectatio
c|t|inicio|initio
,||,|
,||,|
c|t|Constancii|Constantii
,||,|
,||,|
 |et| |et
,||,|
,||,|
:|,|:|,
 |,| |,
 |,| |,
n|m|inperatorie|imperatorie
,||,|
|n|Homousio|Homousion
rorum|ntorum|Treuerorum|Treuentorum
 |,| |,
 |,| |,
VI|X|VI|X
I|V|III|VII
,||,|
,||,|
(autem)||(autem)|
,||,|
,||,|
,||,|
,|;|,|;
c|t|potencialiter|potentialiter
,||,|
 |,| |,
,||,|
r|t|declararum|declaratum
i|y|martirio|martyrio
,||,|
o|O|orientis|Orientis
nus|us|Constantinus|Constantius
tione,|ctione|seditione,|sedictione
m||pugnam|pugna
,||,|
,||,|
t|c|Magnentii|Magnencii
 |nomen| |nomen
nomen||nomen|
 |,| |,
t|c|Magnentius|Magnencius
raionem|eronem,|Uetranionem|Ueternonem,
u|o|iucundum|iocundum
tus|ctus|inuitus|inuictus
t|c|Magnentium|Magnencium
,||,|
t|c|Nepotianus|Nepocianus
 |,| |,
octauo|septimo|octauo|septimo
t|c|Magnentianis|Magnencianis
:|;|:|;
,||,|
latum|mlatum|circulatum|circumlatum
a|o|Romanarum|Romanorum
t|c|Magnentius|Magnencius
,||,|
dem||eiusdem|eius
hiantem|iantem,|inhiantem|iniantem,
,||,|
,||,|
,||,|
,||,|
,||,|
heno|eno|Rheno|Reno
,||,|
 |,| |,
 |,| |,
t|c|expeditione|expedicione
.|,|.|,
 |,| |,
,||,|
um|i|inquietum|inquieti
,||,|
per||per|
,||,|
,||,|
 |,| |,
,||,|
 |,| |,
 |.| |.
:|,|:|,
,||,|
i|y|Hilarius|Hylarius
Phrigia|Frigia|Phrigia|Frigia
,||,|
 |,| |,
 |,| |,
Hierosolymis|Ierosolimis|Hierosolymis|Ierosolimis
o|a|oborto|aborto
,||,|
 |,| |,
.|,|.|,
,||,|
pum|ipum|Philppum|Philippum
,||,|
suum||suum|
s|is|arbitris|arbitriis
,||,|
 |,| |,
autem||autem|
,||,|
:|,|:|,
,||,|
docendorum||docendorum|
,||,|
o|i|bonos|bonis
,||,|
,||,|
nolentiam,|olentiam|Uinolentiam,|Uiolentiam
a,|ia|lasciua,|lasciuia
sationes|ationes|comessationes|comesationes
c,|t|nupcias,|nuptias
f|s|fororum|sororum
e|ie|philosophe|philosophie
uor|tuor|quatuor|quattuor
h|t|litheras|litteras
c|t|spacio|spatio
,|;|,|;
haud|aut|haud|aut
!|.|!|.
rm|nn|armis|annis
,||,|
y|i|tyrannis|tirannis
,||,|
,||,|
ti:|cti;|completi:|complecti;
 |;| |;
,||,|
um|e;|sumptuosum|sumptuose;
,||,|
u|o|iucundos|iocundos
,|;|,|;
emnis|lemnis|solemniis|sollemniis
u|i|inductum|indictum
lacila|acila|Flaccilla|Faccilla
,||,|
,||,|
adio,|hadio|Arcadio,|Archadio
,||,|
,||,|
,||,|
,||,|
ee|ii|Cemeterio|Cimiterio
Hieronimus|Ieronimus|Hieronimus|Ieronimus
hystorie|ystorie|hystorie|ystorie
x|c|perduxit|perducit
o|i|Anno|Anni
adius|hadius|Arcadius|Archadius
o|O|occidente|Occidente
 |,| |,
i|a|fuerit|fuerat
i|e|Stiliconi|Stilicone
.||.|
adius|hadius|Arcadius|Archadius
acuc,|bacuc|Abacuc,|Abbacuc
y|i|Catafrygas|Catafrigas
,||,|
,||,|
t|i|chrtstiana|christiana
empnia|lempnia|solempnia|sollempnia
fore||fore|
horescens|orescens|perhorrescens|perorrescens
|m|militia|militiam
 |,| |,
entiam|centiam|absentiam|abscentiam
,||,|
eius||eius|
t|d|At|Ad
e|i|hostes|hostis
nis|pnis|somnis|sompnis
c||Ac|A
t|c|deditionem|dedicionem
d|b|Gildo|Gilbo
am|e|ipsam|ipse
 |,| |,
ata|unda|secata|secunda
ntaret|mptaret|tentaret|temptaret
,||,|
cytha|itha|Scytha|Sitha
 |,| |,
,|deuouerat|,|deuouerat
deuouerat:||deuouerat:|
,||,|
lico|ico|illico|ilico
u||seu|se
,||,|
,||,|
f|s|finit|sinit
,||,|
,||,|
,||,|
ritus|itus|Conterritus|Conteritus
ente|uente|urgente|urguente
,||,|
dg|gd|Radagaisus|Ragadaisus
o|a|uilissimorum|uilissimarum
c|t|ac|at
 |,| |,
,||,|
,||,|
,|et|,|et
blice|lice|pubblice|publice
,||,|
S|s|Summam|summam
he|e|Pasche|Pasce
 |,| |,
ctantur|tantur|coarctantur|coartantur
,||,|
e|i|deuastat|diuastat
a|o|Data|Dato
,||,|
 |,| |,
,||,|
e|i|possent|possint
erarent|tarent|temperarent|temptarent
t|c|conditionis|condicionis
i|e|Accidit|Accedit
,||,|
,||,|
chantes|hantes|bacchantes|bachantes
sentum|rsentium|Basentum|Barsentium
lab|dol|labore|dolore
ulfum|hulfum|Athaulfum|Athahulfum
i|um|residui|residuum
iam|am|Galliam|Gallam
ulfus|hulfus|Athaulfus|Athahulfus
,||,|
a||a|
:|;|:|;
c|z|Barcilonem|Barzilonem
Wandalorum|Guandalorum|Wandalorum|Guandalorum
o|um|imperio|imperium
tiueret|iseret|substitueret|subsisteret
Wandalos,|Guandalos|Wandalos,|Guandalos
inueire|maria|inuenire|marina
,||,|
,|;|,|;
Eucherius||Eucherius|
hamo|mio|Abrahamo|Abramio
 |successit| |successit
successit||successit|
 |,| |,
;|,|;|,
sn|cs|dissensio|discessio
nt|t|sederent|sederet
,||,|
,||,|
,||,|
,||,|
,||,|
ee|ii|cemeterio|cimiterio
,||,|
,||,|
y|i|tyrannus|tirannus
fuit||fuit|
.|fuit|.|fuit
,||,|
,||,|
y|i|tyranno|tiranno
g|u|girum|uirum
ac|et|ac|et
um|num|Constantium|Constantinum
m|s|Galliam|Gallias
 |ut| |ut
u|e|Arelatum|Arelatem
t|c|Gerontio|Geroncio
Gt|Ic|Gerontius|Ieroncius
m|n|quemdam|quendam
l|b|Attalus|Attabus
co|tno|Constancio|Constantino
haginem|aginem|Carthaginem|Cartaginem
 |,| |,
tunc||tunc|
,||,|
,||,|
A|a|Apostolorum|apostolorum
Hieronymum|Ieronimum|Hieronymum|Ieronimum
a|e|anima|anime
Walia|Uualia|Wallia|Uuallia
iam|am|Placidiam|Placidam
 |,| |,
Wandali|Guandali|Wandali|Guandali
,||,|
a|o|ea|eo
,||,|
hil|l|nihil|nil
|m|obuia|obuiam
e|o|queque|quoque
e|um|facte|factum
unt||statuunt|statu
iam|am|Galliam|Gallam
 |Constantio| |Constantio
Constantio||Constantio|
ractus|tractus|subractus|subtractus
a|e|uita|uite
sdecim,|decim|tresdecim,|tredecim
,||,|
,||,|
CL||CL|
e|i|cemiterio|cimiterio
VI|XVI|MCLXXVII|MCLXXXVII
 |,| |,
Wandalorum|Guandalorum|Wandalorum|Guandalorum
,||,|
 |,| |,
 |,| |,
Hispanis|Ispanis|Hispanis|Ispanis
 |,| |,
e|i|relegauit|religauit
erarum|terarum|literarum|litterarum
d|D|dominum|Dominum
s|S|septembris|Septembris
VI|XVI,|LXVII|LXXVII,
Wandali|Guandali|Wandali|Guandali
uerunt|runt|deleuerunt|delerunt
lybitanus|bitanus|Lilybitanus|Libitanus
Scot|Goth|Scotos|Gothos
 |,| |,
 |,| |,
t|h|Scottorum|Scothorum
r|n|irrupto|inrupto
,||,|
ium|um|Etium|Etum
g|c|uigesimo|uicesimo
hactenus|actenus|hactenus|actenus
anorum|tanorum,|Britannorum|Brittannorum,
|m|gente|gentem
os|a,|exceptos|excepta,
a|e|tempora|tempore
a|e|Roma|Rome
i|y|martiris|martyris
a|e|posita|posite
a|la|Attila|Attilla
,||,|
y,|i|Illyricum,|Illiricum
y|i|Xystus|Xistus
Xys|Six|Xysto|Sixto
e|a|cathedre|cathedra
asus|lasus|Bassus|Blassus
emosinas|mosinas|eleemosinas|elemosinas
y|i|Tyburtina|Tiburtina
,||,|
 |,| |,
m||auctoritatem|auctoritate
,||,|
d|D|domino|Domino
,||,|
.|,|.|,
,||,|
dscribuntur|scribuntur|adscribuntur|ascribuntur
o|O|occidui|Occidui
Wandalorum|Guandalorum|Wandalorum|Guandalorum
,||,|
,||,|
o|O|occidentale|Occidentale
daric|rdari|Adaricus|Ardarius
Quadi|Squadi|Quadi|Squadi
c,|t|Turcilingi,|Turtilingi
 |,| |,
 |,| |,
manentes|anentes|commanentes|comanentes
,||,|
,||,|
 |,| |,
moriciani|inoritiani|Armoriciani|Arinoritiani
o|O|occidentis|Occidentis
 |,| |,
 |.| |.
 |principio| |principio
principio||principio|
C|c|Ciconias|ciconias
(|,|(|,
),|,|),|,
 |,| |,
e|a|cepit|capit
,||,|
s|bus|direptionis|direptionibus
,||,|
i|e|Brixiam|Brexiam
m,|n|Pergamum,|Perganum
chabantur|habantur|bacchabantur|bachabantur
,||,|
,||,|
;|,|;|,
,||,|
,||,|
,||,|
 |,| |,
,||,|
:|;|:|;
 |has| |has
 |Dei| |Dei
Dei||Dei|
c|s|discessum|dissessum
?|.|?|.
t|c|canitie|canicie
 |,| |,
e|u|mane|manu
aniam|taniam|Britanniam|Brittanniam
tdorenis|crensi|Altiodorensis|Alciorensis
orum|um|episcoporum|episcopum
eque|atque|eque|atque
,||,|
aniam|taniam|Britanniam|Brittanniam
,||,|
,||,|
erent|issent|responderent|respondissent
moxque||moxque|
i|y|sidera|sydera
m||aciem|acie
 |,| |,
Boetium|Etium|Boetium|Etium
i|us|potentissimi|potentissimus
,||,|
hactenus|actenus|hactenus|actenus
quinque||quinque|
ecclesie||ecclesie|
c|t|nuncio|nuntio
,||,|
b|p|obtinuit|optinuit
,||,|
 |,| |,
,|;|,|;
haginem|aginem|Carthaginem|Cartaginem
Wandali,|Guandali|Wandali,|Guandali
,||,|
,||,|
chantes|hantes|bacchantes|bachantes
,||,|
nouissime||nouissime|
ad|in|ad|in
ui|iu|Auitum|Aiutum
,||,|
Wandalis|Guandalis|Wandalis|Guandalis
,||,|
e|o|Theoderici|Theodorici
y|i|Pyrenei|Pirenei
Hierosolimam|Ierosolimam|Hierosolimam|Ierosolimam
regis||regis|
Hilar|Ylari|Hilarus|Ylarius
,||,|
m|n|helemosinis|helenosinis
,||,|
y|i|crypta|cripta
b|p|obtinuisset|optinuisset
haud|aut|haud|aut
,||,|
m|n|Ricimerem|Ricinerem
,|:|,|:
m|n|Ricimeris|Ricineris
m|n|Ricimer|Riciner
m|n|Ricimer|Riciner
 |III| |III
 |,| |,
,|;|,|;
y|i|Illyricum|Illiricum
,|rexisset|,|rexisset
rexisset||rexisset|
omo|homo|tomo|thomo
tesque|ntesque|consonatesque|consonantesque
;|,|;|,
omo|homo|tomo|thomo
,|;|,|;
,||,|
 |,| |,
y|i|Cyro|Ciro
bit|psit|scribit|scripsit
yhen,|ien|Eutychen,|Euticen
i|y|historiam|hystoriam
,||,|
Hilario|Ylario|Hilario|Ylario
 |,| |,
c|t|Acacio|Acatio
eicianistum|Ehicianistum|euticianistum|Euthicianistum
apostoli||apostoli|
D|d|Dominice|dominice
 |,| |,
 |,| |,
y|i|Scyrorum|Scirorum
 |urbis| |urbis
urbis||urbis|
b|p|obtinuisset|optinuisset
terrarum||terrarum|
quondam||quondam|
 |hoc| |hoc
edram|hedram|catedram|cathedram
u|o,|episcopus|episcopos,
,||,|
y|i|synodo|sinodo
 |fuerat| |fuerat
s|m|sinodus|sinodum
,||,|
a|e|pecunia|pecunie
o|u|pontificato|pontificatu
,||,|
|que|liberauit|liberauitque
,||,|
 |et| |et
hychen|icen|Euthychen|Euticen
,||,|
 |Michahelis| |Michahelis
Michelis||Michelis|
e|o|Theoderico|Theodorico
o|e|Theodoricus|Theodericus
Walamer|Uualamer|Walamer|Uualamer
D|d|Dominice|dominice
 |,| |,
.|,|.|,
autem||autem|
 |,| |,
 |,| |,
te|nte|inquietate|inquietante
Gohrum|Asrgothorum|Gothorum|Astrogothorum
Theodoricus||Theodoricus|
is|si|nouisismeque|nouissimeque
,|.|,|.
o|e|Theodoricus|Theodericus
Wandalorum|Guandalorum|Wandalorum|Guandalorum
,||,|
,||,|
it|tam|affecit|affectam
n|m|innumeris|inmumeris
eorum||eorum|
y|i|stylo|stilo
 |,| |,
,||,|
mihi||mihi|
 |qui| |qui
cognosci|agnosci|cognosci|agnosci
y|i|Symmachus|Simmachus
,||,|
,||,|
partibus||partibus|
erebant|herebant|aderebant|adherebant
,||,|
omicidia|homicidia|omicidia|homicidia
es|um|sacerdotes|sacerdotum
,||,|
in||in|
|i|maior|maiori
,||,|
 |apostolica| |apostolica
apostolica||apostolica|
y|i|Symmachus|Simmachus
e|a|Nucerie|Nuceria
n|s|discensione|discessione
Wandalorum|Guandalorum|Wandalorum|Guandalorum
i|s|Geiserici|Gesserici
exilio||exilio|
,||,|
,||,|
,||,|
,||,|
,||,|
,||,|
,||,|
,||,|
,||,|
,||,|
a|ia|blasphema|blasphemia
mue|uma|emoueret|euomerat
|m|minore|minorem
,||,|
us|o|baptizaturus|baptizaturo
Barbas||Barbas|
 |suscepit| |suscepit
suscepit||suscepit|
celebriora||celebriora|
I||VIII|VII
,||,|
ensem,|iensem|Ticinensem,|Ticiniensem
,||,|
e|i|quatenus|quatinus
 |,| |,
picert|ipiscret|respiceret|resipisceret
t|c|Acatium|Acacium
sed||sed|
 |graui| |graui
 |eos| |eos
,||,|
L|XL|ML|MXL
a|u|decoratam|decoratum
integrande|dintegrande|reintegrande|redintegrande
Germanus||Germanus|
i|u|episcopis|episcopus
Wandalorum|Guandalorum|Wandalorum|Guandalorum
Wandalorum|Guandalorum|Wandalorum|Guandalorum
frequens|sequens|frequens|sequens
m|n|umquam|unquam
caruit|decessit|caruit|decessit
|quam|prius|priusquam
asumeret|suciperet|assumeret|susciperet
a|i|ecclesias|ecclesiis
,||,|
 |,| |,
u|i|ubique|ibique
,||,|
,||,|
n|m|conpetebat|competebat
it|sit|concesit|concessit
|i|hi|hii
machum|achum|Simmachum|Simachum
 |,| |,
,||,|
,||,|
m|g|peremit|peregit
octauo||octauo|
ymachum|iachum|Symmachum|Simachum
h|t|Athanaricum|Attanaricum
,||,|
municauit|unicauit|excommunicauit|excomunicauit
 |papa| |papa
papa||papa|
o|a|dialogorum|dialagorum
d|m|administrasset|amministrasset
a|o|Langobardorum|Longobardorum
a|o|Langobardos|Longobardos
berto|rico|Theodeberto|Theoderico
g|c|Guisegardam|Guisecardam
o|co|Guaco|Guacco
d|m|admonet|ammonet
:||:|
,||,|
 |,| |,
b|p|obtinuere|optinuere
y|i|Cymbri|Cimbri
Wandalorum|Guandalorum|Wandalorum|Guandalorum
Wandalis|Guandalis|Wandalis|Guandalis
 |,| |,
 |,| |,
uit|runt|dimicauit|dimicarunt
eorum||eorum|
d|t|reliquid|reliquit
hoc|oc|Guidehoc|Guideoc
 |,| |,
hoc|oc|Guidehoc|Guideoc
o|us|filio|filius
ntur|tur|appellantur|appellatur
 |cum| |cum
.|,|.|,
 |,| |,
,||,|
tempore||tempore|
u|n|Meroueus|Meroneus
he|em|Rhenum|Remnum
tis|ctis|Metis|Mectis
d|m|admirabilis|ammirabilis
,||,|
,||,|
,||,|
,||,|
u|n|Merouei|Meronei
,||,|
ymachus|iachus|Symmachus|Simachus
 |annis| |annis
annis||annis|
,||,|
 |.| |.
s||terremotus|terremotu
emnia|lemnia|solemnia|sollemnia
e|i|ciuitate|ciuitati
 |.| |.
s||annis|anni
,||,|
lius|hus|Clodomirius|Chodomirus
,||,|
meatis||meatis|
lius|hus|Clodomirius|Chodomirus
qui||qui|
serat.|erat,|successerat.|succeserat,
 |rege| |rege
rege||rege|
fatus|phatus|Prefatus|Prephatus
l|h|Clodomirus|Chodomirus
ici|ci|proiici|proici
 |offerre| |offerre
offerre||offerre|
|s|filio|filios
g|c|negauit|necauit
 |tenuisset,| |tenuisset,
 |,| |,
,||,|
,||,|
,||,|
est||est|
et|uel|et|uel
us||Audoynus|Audoyn
,||,|
um|o|matrimonium|matrimonio
Hunis|Unis|Hunnis|Unnis
 |.| |.
,||,|
:|;|:|;
hlodomiri:|lodomiri;|Chlodomiri:|Clodomiri;
que||que|
is|tis|Metis|Mettis
,||,|
y|i|inclyta|inclita
nthranus|thranus|Gunthrannus|Guthrannus
c|t|audacia|audatia
idbertus|ebrtus|Childebertus|Chelbertus
Charibertus|Aribertus,|Charibertus|Aribertus,
 |,| |,
m||uenatum|uenatu
y|i|sylua|silua
 |,| |,
,||,|
 |capite| |capite
capite||capite|
m||oram|ora
 |,| |,
d|t|aliquod|aliquot
est||est|
mirabile||mirabile|
e|a|quem|quam
 |et| |et
:|.|:|.
maxiusque|enoreque|maximusque|enormeque
est||est|
;|,|;|,
,||,|
,||,|
e|i|Sigeberto|Sigiberto
uordecim|tuordecim|quatuordecim|quattuordecim
 |,| |,
,||,|
,||,|
II|duobus|II|duobus
XVI|VI|DXXVIII|DXVIII
isarium|lisarium|Belisarium|Bellisarium
abli|ifcu|mirabilis|mirificus
isarium|lisarium|Belisarium|Bellisarium
Wandalorum|Guandalorum|Wandalorum|Guandalorum
haginem|aginem|Carthaginem|Cartaginem
,||,|
orum|i|sanctorum|sancti
e|i|quatenus|quatinus
apud||apud|
iset|set|adiisset|adisset
hychetis|icetis|Euthychetis|Euticetis
;|.|;|.
;||;|
i|e|Anthimum|Anthemum
fate|phate|prefate|prephate
ctum|nctum|conuictum|conuinctum
 |a| |a
,|catholici|,|catholici
catholici||catholici|
s||multos|multo
s|m|dies|diem
m|n|eamdem|eandem
am|e|Romam|Rome
s|c|assensu|ascensu
,||,|
isarium|lisarium|Belisarium|Bellisarium
ruitio|uitio|seruitio|seuitio
,|.|,|.
m|n|tamdem|tandem
,||,|
itingis|tingis|Guittingis|Guttingis
isarium|lisarium|Belisarium|Bellisarium
isarius|lisarius|Belisarius|Bellisarius
ellandi|landi|bellandi|blandi
isarius|lisarius|Belisarius|Bellisarius
,||,|
pud|d|apud|ad
municatum|unicatum|excommunicatum|excomunicatum
 |,| |,
y|i|synodus|sinodus
 |,| |,
 |,| |,
 |hominem| |hominem
hominem||hominem|
X|decem|X|decem
isario|lisario|Belisario|Bellisario
otriuit|ertriuit|potriuit|pertriuit
ermitur|untur|perimitur|punitur
 |,| |,
 |,| |,
 |,| |,
i|a|Baduilam|Badualam
Brutiorum,||Brutiorum,|
hegium|egium|Rhegium|Regium
,||,|
a|u|tantam|tantum
nimium||nimium|
Ostiensi|Hostiensi|Ostiensi|Hostiensi
e|i|quatenus|quatinus
hularius|ularius|Carthularius|Cartularius
parandis|cuperandis|reparandis|recuperandis
,||,|
a|o|Langobardorum|Longobardorum
y|i|Alboyn|Alboin
a|o|Langobardos|Longobardos
y|i|Alboyn|Alboin
e|i|quatenus|quatinus
ohos|eas|Gothos|Getas
 |rege| |rege
unt,|e|remearunt,|remeare
isarium|lisarium|Belisarium|Bellisarium
 |,| |,
 |,| |,
scus|cus|Franciscus|Francicus
,||,|
que||Rursumque|Rursum
lia|ia|millia|milia
s|t|extense|extente
,||,|
 |,| |,
 |,| |,
sinum|inum|Cassinum|Casinum
m|s|Cassiodorum|Cassiodorus
y|i|Dionysius|Dionisius
nda||miranda|mira
 |,| |,
e|i|Diocletiani|Dioclitiani
 |.| |.
p|P|pascha|Pascha
c|n|Parisiace|Parisiane
historis|ystoris|historiis|ystoriis
IX|XI|IX|XI
turm|natrum|orditurum|ordinaturum
 |ei| |ei
 |cum| |cum
 |Francorum| |Francorum
onulcamus|alamus|conculcamus|calcamus
habentes|abentes|habentes|abentes
g|c|effigiem|efficiem
inpalpabile||inpalpabile|
 |Alamannorum| |Alamannorum
 |uero| |uero
e|o|Theodelindam|Theodolindam
hari|ari|Authari|Autari
yi|ie|Pyrineis|Pireneis
fracto|xacto|effracto|exfacto
a|na|Modicia|Modicina
ha|a|archa|arca
XL|quadraginta|XL|quadraginta
it||rexit|rex
y|i|synodo|sinodo
s||episcopatus|episcopatu
rius|ost|prius|post
VI|uno|VI|uno
VIII|octo|VIII|octo
um|on|Pantheum|Pantheon
u|o|locurum|locorum
uel|atque|uel|atque
doaldus|udoaldus|Adoaldus|Audoaldus
y|i|martyrium|martirium
|m|tunica|tunicam
prephat|heretic|prephatos|hereticos
I||VII|VI
e|a|Perside|Persida
sua||sua|
a|o|Langobardorum|Longobardorum
ei||ei|
cythia|ithia|Scythia|Sithia
haud|aut|haud|aut
nis|is|atrinis|atriis
latine||latine|
apostolum||apostolum|
gilias|rgilias|uigilias|uirgilias
iu|ee|archidiaconum|archediaconem
latissimam||latissimam|
hlodoueus|lodoueus|Chlodoueus|Clodoueus
hlodoueus|lodoueus|Chlodoueus|Clodoueus
th|m|Bathildeth|Bathildem
hlodoueus|lodoueus|Chlodoueus|Clodoueus
hil|chil|nihil|nichil
historia|ystoria|historia|ystoria
Pippinus||Pippinus|
np|mb|Daginperto|Dagimberto
polim|lim|Constantinopolim|Constantinolim
|m|tributaria|tributariam
 |Longobardorum| |Longobardorum
a|o|Langobardorum|Longobardorum
sese||sese|
 |sese| |sese
i|o|patriarchii|patriarchio
urs|scr|conuersationibus|consecrationibus
uiros||uiros|
s|r|inquisitus|inquisitur
c|s|concilio|consilio
Nau|Uen|Nauarros|Uenarros
s|bus|res|rebus
um|icum|Saxonum|Saxonicum
rteretur|teretur|parteretur|pateretur
fdifraga|dffraga|fidifraga|diffraga
tiam|am|etiam|eam
A|O|Abodriti|Obodriti
fidelitatis||fidelitatis|
his|is|his|is
nati|pnati|damnati|dampnati
 |,| |,
am|i|quam|qui
 |aliis,| |aliis,
|m|Constantinopoli|Constantinopolim
i|y|Hiberis|Hyberis
f|F|februarii|Februarii
f|F|februarii|Februarii
a|A|augusti|Augusti
s|S|septembris|Septembris
d|D|decembris|Decembris
y|i|hyemaret|hiemaret
|m|Asturie|Asturiem
 |filium| |filium
u|e|elephantum|elephantem
que||Concessitque|Concessit
 |multotiens| |multotiens
culpa||culpa|
 |ac| |ac
t|r|ueneto|uenero
herima|erima|pulcherrima|pulcerrima
 |gemmisque| |gemmisque
orem|ionem|lectorem|lectionem
hoo|mue|honoribus|muneribus
 |ita| |ita
 |extitit| |extitit
in||in|
 |in| |in
eis|is|marmoreis|marmoris
nie|ie|Brittannie|Brittanie
o|i|Augustodunensi|Augustidunensi
 |in| |in
y|i|elemosynarum|elemosinarum
t|g|Uertente|Uergente
b|p|obtinuit|optinuit
 |hodie| |hodie
hodie||hodie|
quattuor|IV|quattuor|IV
tempore|anno|tempore|anno
hil|chil|nihil|nichil
